分拣中心,日期,货量
SC1,2023/12/1,49128
SC1,2023/12/2,38369
SC1,2023/12/3,36140
SC1,2023/12/4,39477
SC1,2023/12/5,40428
SC1,2023/12/6,41933
SC1,2023/12/7,42898
SC1,2023/12/8,42179
SC1,2023/12/9,40608
SC1,2023/12/10,40093
SC1,2023/12/11,49128
SC1,2023/12/12,38369
SC1,2023/12/13,36140
SC1,2023/12/14,39477
SC1,2023/12/15,40428
SC1,2023/12/16,41933
SC1,2023/12/17,42898
SC1,2023/12/18,42179
SC1,2023/12/19,40608
SC1,2023/12/20,40093
SC1,2023/12/21,49128
SC1,2023/12/22,49128
SC1,2023/12/23,36140
SC1,2023/12/24,39477
SC1,2023/12/25,40428
SC1,2023/12/26,41933
SC1,2023/12/27,42898
SC1,2023/12/28,42179
SC1,2023/12/29,40608
SC1,2023/12/30,40093
SC10,2023/12/1,47286
SC10,2023/12/2,37852
SC10,2023/12/3,38509
SC10,2023/12/4,38704
SC10,2023/12/5,38987
SC10,2023/12/6,38847
SC10,2023/12/7,38056
SC10,2023/12/8,37383
SC10,2023/12/9,37114
SC10,2023/12/10,37352
SC10,2023/12/11,47286
SC10,2023/12/12,37852
SC10,2023/12/13,38509
SC10,2023/12/14,38704
SC10,2023/12/15,38987
SC10,2023/12/16,38847
SC10,2023/12/17,38056
SC10,2023/12/18,37383
SC10,2023/12/19,37114
SC10,2023/12/20,37352
SC10,2023/12/21,47286
SC10,2023/12/22,47286
SC10,2023/12/23,38509
SC10,2023/12/24,38704
SC10,2023/12/25,38987
SC10,2023/12/26,38847
SC10,2023/12/27,38056
SC10,2023/12/28,37383
SC10,2023/12/29,37114
SC10,2023/12/30,37352
SC12,2023/12/1,9585
SC12,2023/12/2,3871
SC12,2023/12/3,3837
SC12,2023/12/4,4047
SC12,2023/12/5,4024
SC12,2023/12/6,4010
SC12,2023/12/7,4095
SC12,2023/12/8,4155
SC12,2023/12/9,4104
SC12,2023/12/10,4174
SC12,2023/12/11,9585
SC12,2023/12/12,3871
SC12,2023/12/13,3837
SC12,2023/12/14,4047
SC12,2023/12/15,4024
SC12,2023/12/16,4010
SC12,2023/12/17,4095
SC12,2023/12/18,4155
SC12,2023/12/19,4104
SC12,2023/12/20,4174
SC12,2023/12/21,9585
SC12,2023/12/22,9585
SC12,2023/12/23,3837
SC12,2023/12/24,4047
SC12,2023/12/25,4024
SC12,2023/12/26,4010
SC12,2023/12/27,4095
SC12,2023/12/28,4155
SC12,2023/12/29,4104
SC12,2023/12/30,4174
SC14,2023/12/1,1532
SC14,2023/12/2,1422
SC14,2023/12/3,1462
SC14,2023/12/4,1417
SC14,2023/12/5,1442
SC14,2023/12/6,1482
SC14,2023/12/7,1447
SC14,2023/12/8,1496
SC14,2023/12/9,1542
SC14,2023/12/10,1555
SC14,2023/12/11,1532
SC14,2023/12/12,1422
SC14,2023/12/13,1462
SC14,2023/12/14,1417
SC14,2023/12/15,1442
SC14,2023/12/16,1482
SC14,2023/12/17,1447
SC14,2023/12/18,1496
SC14,2023/12/19,1542
SC14,2023/12/20,1555
SC14,2023/12/21,1532
SC14,2023/12/22,1532
SC14,2023/12/23,1462
SC14,2023/12/24,1417
SC14,2023/12/25,1442
SC14,2023/12/26,1482
SC14,2023/12/27,1447
SC14,2023/12/28,1496
SC14,2023/12/29,1542
SC14,2023/12/30,1555
SC15,2023/12/1,4636
SC15,2023/12/2,3989
SC15,2023/12/3,4065
SC15,2023/12/4,4313
SC15,2023/12/5,4223
SC15,2023/12/6,3986
SC15,2023/12/7,4074
SC15,2023/12/8,4034
SC15,2023/12/9,4091
SC15,2023/12/10,4026
SC15,2023/12/11,4636
SC15,2023/12/12,3989
SC15,2023/12/13,4065
SC15,2023/12/14,4313
SC15,2023/12/15,4223
SC15,2023/12/16,3986
SC15,2023/12/17,4074
SC15,2023/12/18,4034
SC15,2023/12/19,4091
SC15,2023/12/20,4026
SC15,2023/12/21,4636
SC15,2023/12/22,4636
SC15,2023/12/23,4065
SC15,2023/12/24,4313
SC15,2023/12/25,4223
SC15,2023/12/26,3986
SC15,2023/12/27,4074
SC15,2023/12/28,4034
SC15,2023/12/29,4091
SC15,2023/12/30,4026
SC16,2023/12/1,1662
SC16,2023/12/2,2160
SC16,2023/12/3,2108
SC16,2023/12/4,2046
SC16,2023/12/5,2249
SC16,2023/12/6,2265
SC16,2023/12/7,2304
SC16,2023/12/8,2344
SC16,2023/12/9,2328
SC16,2023/12/10,2308
SC16,2023/12/11,1662
SC16,2023/12/12,2160
SC16,2023/12/13,2108
SC16,2023/12/14,2046
SC16,2023/12/15,2249
SC16,2023/12/16,2265
SC16,2023/12/17,2304
SC16,2023/12/18,2344
SC16,2023/12/19,2328
SC16,2023/12/20,2308
SC16,2023/12/21,1662
SC16,2023/12/22,1662
SC16,2023/12/23,2108
SC16,2023/12/24,2046
SC16,2023/12/25,2249
SC16,2023/12/26,2265
SC16,2023/12/27,2304
SC16,2023/12/28,2344
SC16,2023/12/29,2328
SC16,2023/12/30,2308
SC17,2023/12/1,22512
SC17,2023/12/2,19633
SC17,2023/12/3,19485
SC17,2023/12/4,18461
SC17,2023/12/5,18819
SC17,2023/12/6,18251
SC17,2023/12/7,18281
SC17,2023/12/8,18180
SC17,2023/12/9,18405
SC17,2023/12/10,18732
SC17,2023/12/11,22512
SC17,2023/12/12,19633
SC17,2023/12/13,19485
SC17,2023/12/14,18461
SC17,2023/12/15,18819
SC17,2023/12/16,18251
SC17,2023/12/17,18281
SC17,2023/12/18,18180
SC17,2023/12/19,18405
SC17,2023/12/20,18732
SC17,2023/12/21,22512
SC17,2023/12/22,22512
SC17,2023/12/23,19485
SC17,2023/12/24,18461
SC17,2023/12/25,18819
SC17,2023/12/26,18251
SC17,2023/12/27,18281
SC17,2023/12/28,18180
SC17,2023/12/29,18405
SC17,2023/12/30,18732
SC18,2023/12/1,11945
SC18,2023/12/2,5708
SC18,2023/12/3,5575
SC18,2023/12/4,5762
SC18,2023/12/5,5623
SC18,2023/12/6,5907
SC18,2023/12/7,5623
SC18,2023/12/8,5643
SC18,2023/12/9,5563
SC18,2023/12/10,5575
SC18,2023/12/11,11945
SC18,2023/12/12,5708
SC18,2023/12/13,5575
SC18,2023/12/14,5762
SC18,2023/12/15,5623
SC18,2023/12/16,5907
SC18,2023/12/17,5623
SC18,2023/12/18,5643
SC18,2023/12/19,5563
SC18,2023/12/20,5575
SC18,2023/12/21,11945
SC18,2023/12/22,11945
SC18,2023/12/23,5575
SC18,2023/12/24,5762
SC18,2023/12/25,5623
SC18,2023/12/26,5907
SC18,2023/12/27,5623
SC18,2023/12/28,5643
SC18,2023/12/29,5563
SC18,2023/12/30,5575
SC19,2023/12/1,6341
SC19,2023/12/2,7771
SC19,2023/12/3,7473
SC19,2023/12/4,7392
SC19,2023/12/5,6538
SC19,2023/12/6,6728
SC19,2023/12/7,7044
SC19,2023/12/8,7419
SC19,2023/12/9,7221
SC19,2023/12/10,7257
SC19,2023/12/11,6341
SC19,2023/12/12,7771
SC19,2023/12/13,7473
SC19,2023/12/14,7392
SC19,2023/12/15,6538
SC19,2023/12/16,6728
SC19,2023/12/17,7044
SC19,2023/12/18,7419
SC19,2023/12/19,7221
SC19,2023/12/20,7257
SC19,2023/12/21,4366
SC19,2023/12/22,6341
SC19,2023/12/23,7473
SC19,2023/12/24,7392
SC19,2023/12/25,6538
SC19,2023/12/26,6728
SC19,2023/12/27,7044
SC19,2023/12/28,7419
SC19,2023/12/29,7221
SC19,2023/12/30,7257
SC2,2023/12/1,9458
SC2,2023/12/2,7744
SC2,2023/12/3,8046
SC2,2023/12/4,8142
SC2,2023/12/5,8143
SC2,2023/12/6,7969
SC2,2023/12/7,7717
SC2,2023/12/8,7587
SC2,2023/12/9,7636
SC2,2023/12/10,7714
SC2,2023/12/11,9458
SC2,2023/12/12,7744
SC2,2023/12/13,8046
SC2,2023/12/14,8142
SC2,2023/12/15,8143
SC2,2023/12/16,7969
SC2,2023/12/17,7717
SC2,2023/12/18,7587
SC2,2023/12/19,7636
SC2,2023/12/20,7714
SC2,2023/12/21,9458
SC2,2023/12/22,9458
SC2,2023/12/23,8046
SC2,2023/12/24,8142
SC2,2023/12/25,8143
SC2,2023/12/26,7969
SC2,2023/12/27,7717
SC2,2023/12/28,7587
SC2,2023/12/29,7636
SC2,2023/12/30,7714
SC20,2023/12/1,385
SC20,2023/12/2,286
SC20,2023/12/3,117
SC20,2023/12/4,51
SC20,2023/12/5,126
SC20,2023/12/6,280
SC20,2023/12/7,247
SC20,2023/12/8,143
SC20,2023/12/9,124
SC20,2023/12/10,131
SC20,2023/12/11,385
SC20,2023/12/12,286
SC20,2023/12/13,117
SC20,2023/12/14,51
SC20,2023/12/15,126
SC20,2023/12/16,280
SC20,2023/12/17,247
SC20,2023/12/18,143
SC20,2023/12/19,124
SC20,2023/12/20,131
SC20,2023/12/21,387
SC20,2023/12/22,385
SC20,2023/12/23,117
SC20,2023/12/24,51
SC20,2023/12/25,126
SC20,2023/12/26,280
SC20,2023/12/27,247
SC20,2023/12/28,143
SC20,2023/12/29,124
SC20,2023/12/30,131
SC21,2023/12/1,6310
SC21,2023/12/2,2143
SC21,2023/12/3,1336
SC21,2023/12/4,1521
SC21,2023/12/5,2031
SC21,2023/12/6,2074
SC21,2023/12/7,2094
SC21,2023/12/8,2135
SC21,2023/12/9,2133
SC21,2023/12/10,2129
SC21,2023/12/11,6310
SC21,2023/12/12,2143
SC21,2023/12/13,1336
SC21,2023/12/14,1521
SC21,2023/12/15,2031
SC21,2023/12/16,2074
SC21,2023/12/17,2094
SC21,2023/12/18,2135
SC21,2023/12/19,2133
SC21,2023/12/20,2129
SC21,2023/12/21,6310
SC21,2023/12/22,6310
SC21,2023/12/23,1336
SC21,2023/12/24,1521
SC21,2023/12/25,2031
SC21,2023/12/26,2074
SC21,2023/12/27,2094
SC21,2023/12/28,2135
SC21,2023/12/29,2133
SC21,2023/12/30,2129
SC22,2023/12/1,11696
SC22,2023/12/2,5523
SC22,2023/12/3,6152
SC22,2023/12/4,7353
SC22,2023/12/5,7448
SC22,2023/12/6,7687
SC22,2023/12/7,8071
SC22,2023/12/8,8158
SC22,2023/12/9,7738
SC22,2023/12/10,7303
SC22,2023/12/11,11696
SC22,2023/12/12,5523
SC22,2023/12/13,6152
SC22,2023/12/14,7353
SC22,2023/12/15,7448
SC22,2023/12/16,7687
SC22,2023/12/17,8071
SC22,2023/12/18,8158
SC22,2023/12/19,7738
SC22,2023/12/20,7303
SC22,2023/12/21,11696
SC22,2023/12/22,11696
SC22,2023/12/23,6152
SC22,2023/12/24,7353
SC22,2023/12/25,7448
SC22,2023/12/26,7687
SC22,2023/12/27,8071
SC22,2023/12/28,8158
SC22,2023/12/29,7738
SC22,2023/12/30,7303
SC23,2023/12/1,6299
SC23,2023/12/2,3777
SC23,2023/12/3,3667
SC23,2023/12/4,3865
SC23,2023/12/5,3857
SC23,2023/12/6,3834
SC23,2023/12/7,3839
SC23,2023/12/8,3823
SC23,2023/12/9,3736
SC23,2023/12/10,3721
SC23,2023/12/11,6299
SC23,2023/12/12,3777
SC23,2023/12/13,3667
SC23,2023/12/14,3865
SC23,2023/12/15,3857
SC23,2023/12/16,3834
SC23,2023/12/17,3839
SC23,2023/12/18,3823
SC23,2023/12/19,3736
SC23,2023/12/20,3721
SC23,2023/12/21,6299
SC23,2023/12/22,6299
SC23,2023/12/23,3667
SC23,2023/12/24,3865
SC23,2023/12/25,3857
SC23,2023/12/26,3834
SC23,2023/12/27,3839
SC23,2023/12/28,3823
SC23,2023/12/29,3736
SC23,2023/12/30,3721
SC24,2023/12/1,10173
SC24,2023/12/2,5513
SC24,2023/12/3,5391
SC24,2023/12/4,5472
SC24,2023/12/5,5416
SC24,2023/12/6,5274
SC24,2023/12/7,5188
SC24,2023/12/8,5167
SC24,2023/12/9,5205
SC24,2023/12/10,5210
SC24,2023/12/11,10173
SC24,2023/12/12,5513
SC24,2023/12/13,5391
SC24,2023/12/14,5472
SC24,2023/12/15,5416
SC24,2023/12/16,5274
SC24,2023/12/17,5188
SC24,2023/12/18,5167
SC24,2023/12/19,5205
SC24,2023/12/20,5210
SC24,2023/12/21,10173
SC24,2023/12/22,10173
SC24,2023/12/23,5391
SC24,2023/12/24,5472
SC24,2023/12/25,5416
SC24,2023/12/26,5274
SC24,2023/12/27,5188
SC24,2023/12/28,5167
SC24,2023/12/29,5205
SC24,2023/12/30,5210
SC25,2023/12/1,64753
SC25,2023/12/2,44064
SC25,2023/12/3,44482
SC25,2023/12/4,44850
SC25,2023/12/5,44508
SC25,2023/12/6,44527
SC25,2023/12/7,43595
SC25,2023/12/8,43498
SC25,2023/12/9,43168
SC25,2023/12/10,43436
SC25,2023/12/11,64753
SC25,2023/12/12,44064
SC25,2023/12/13,44482
SC25,2023/12/14,44850
SC25,2023/12/15,44508
SC25,2023/12/16,44527
SC25,2023/12/17,43595
SC25,2023/12/18,43498
SC25,2023/12/19,43168
SC25,2023/12/20,43436
SC25,2023/12/21,64753
SC25,2023/12/22,64753
SC25,2023/12/23,44482
SC25,2023/12/24,44850
SC25,2023/12/25,44508
SC25,2023/12/26,44527
SC25,2023/12/27,43595
SC25,2023/12/28,43498
SC25,2023/12/29,43168
SC25,2023/12/30,43436
SC26,2023/12/1,6370
SC26,2023/12/2,4111
SC26,2023/12/3,4232
SC26,2023/12/4,4176
SC26,2023/12/5,4142
SC26,2023/12/6,4115
SC26,2023/12/7,4195
SC26,2023/12/8,4153
SC26,2023/12/9,4033
SC26,2023/12/10,4149
SC26,2023/12/11,6370
SC26,2023/12/12,4111
SC26,2023/12/13,4232
SC26,2023/12/14,4176
SC26,2023/12/15,4142
SC26,2023/12/16,4115
SC26,2023/12/17,4195
SC26,2023/12/18,4153
SC26,2023/12/19,4033
SC26,2023/12/20,4149
SC26,2023/12/21,6370
SC26,2023/12/22,6370
SC26,2023/12/23,4232
SC26,2023/12/24,4176
SC26,2023/12/25,4142
SC26,2023/12/26,4115
SC26,2023/12/27,4195
SC26,2023/12/28,4153
SC26,2023/12/29,4033
SC26,2023/12/30,4149
SC27,2023/12/1,8658
SC27,2023/12/2,3612
SC27,2023/12/3,3591
SC27,2023/12/4,3613
SC27,2023/12/5,3405
SC27,2023/12/6,3452
SC27,2023/12/7,3543
SC27,2023/12/8,3594
SC27,2023/12/9,3472
SC27,2023/12/10,3572
SC27,2023/12/11,8658
SC27,2023/12/12,3612
SC27,2023/12/13,3591
SC27,2023/12/14,3613
SC27,2023/12/15,3405
SC27,2023/12/16,3452
SC27,2023/12/17,3543
SC27,2023/12/18,3594
SC27,2023/12/19,3472
SC27,2023/12/20,3572
SC27,2023/12/21,8658
SC27,2023/12/22,8658
SC27,2023/12/23,3591
SC27,2023/12/24,3613
SC27,2023/12/25,3405
SC27,2023/12/26,3452
SC27,2023/12/27,3543
SC27,2023/12/28,3594
SC27,2023/12/29,3472
SC27,2023/12/30,3572
SC28,2023/12/1,1988
SC28,2023/12/2,1168
SC28,2023/12/3,1096
SC28,2023/12/4,1251
SC28,2023/12/5,1185
SC28,2023/12/6,1149
SC28,2023/12/7,1092
SC28,2023/12/8,1085
SC28,2023/12/9,1046
SC28,2023/12/10,1043
SC28,2023/12/11,1988
SC28,2023/12/12,1168
SC28,2023/12/13,1096
SC28,2023/12/14,1251
SC28,2023/12/15,1185
SC28,2023/12/16,1149
SC28,2023/12/17,1092
SC28,2023/12/18,1085
SC28,2023/12/19,1046
SC28,2023/12/20,1043
SC28,2023/12/21,1988
SC28,2023/12/22,1988
SC28,2023/12/23,1096
SC28,2023/12/24,1251
SC28,2023/12/25,1185
SC28,2023/12/26,1149
SC28,2023/12/27,1092
SC28,2023/12/28,1085
SC28,2023/12/29,1046
SC28,2023/12/30,1043
SC29,2023/12/1,9059
SC29,2023/12/2,6818
SC29,2023/12/3,6766
SC29,2023/12/4,6754
SC29,2023/12/5,6767
SC29,2023/12/6,6694
SC29,2023/12/7,6627
SC29,2023/12/8,6647
SC29,2023/12/9,6627
SC29,2023/12/10,6673
SC29,2023/12/11,9059
SC29,2023/12/12,6818
SC29,2023/12/13,6766
SC29,2023/12/14,6754
SC29,2023/12/15,6767
SC29,2023/12/16,6694
SC29,2023/12/17,6627
SC29,2023/12/18,6647
SC29,2023/12/19,6627
SC29,2023/12/20,6673
SC29,2023/12/21,9059
SC29,2023/12/22,9059
SC29,2023/12/23,6766
SC29,2023/12/24,6754
SC29,2023/12/25,6767
SC29,2023/12/26,6694
SC29,2023/12/27,6627
SC29,2023/12/28,6647
SC29,2023/12/29,6627
SC29,2023/12/30,6673
SC3,2023/12/1,22221
SC3,2023/12/2,13285
SC3,2023/12/3,12561
SC3,2023/12/4,12978
SC3,2023/12/5,12865
SC3,2023/12/6,12845
SC3,2023/12/7,12480
SC3,2023/12/8,12247
SC3,2023/12/9,12128
SC3,2023/12/10,12271
SC3,2023/12/11,22221
SC3,2023/12/12,13285
SC3,2023/12/13,12561
SC3,2023/12/14,12978
SC3,2023/12/15,12865
SC3,2023/12/16,12845
SC3,2023/12/17,12480
SC3,2023/12/18,12247
SC3,2023/12/19,12128
SC3,2023/12/20,12271
SC3,2023/12/21,23795
SC3,2023/12/22,22221
SC3,2023/12/23,12561
SC3,2023/12/24,12978
SC3,2023/12/25,12865
SC3,2023/12/26,12845
SC3,2023/12/27,12480
SC3,2023/12/28,12247
SC3,2023/12/29,12128
SC3,2023/12/30,12271
SC30,2023/12/1,5169
SC30,2023/12/2,3825
SC30,2023/12/3,3613
SC30,2023/12/4,3870
SC30,2023/12/5,4245
SC30,2023/12/6,4131
SC30,2023/12/7,4029
SC30,2023/12/8,3877
SC30,2023/12/9,3920
SC30,2023/12/10,3957
SC30,2023/12/11,5169
SC30,2023/12/12,3825
SC30,2023/12/13,3613
SC30,2023/12/14,3870
SC30,2023/12/15,4245
SC30,2023/12/16,4131
SC30,2023/12/17,4029
SC30,2023/12/18,3877
SC30,2023/12/19,3920
SC30,2023/12/20,3957
SC30,2023/12/21,5169
SC30,2023/12/22,5169
SC30,2023/12/23,3613
SC30,2023/12/24,3870
SC30,2023/12/25,4245
SC30,2023/12/26,4131
SC30,2023/12/27,4029
SC30,2023/12/28,3877
SC30,2023/12/29,3920
SC30,2023/12/30,3957
SC31,2023/12/1,14535
SC31,2023/12/2,11061
SC31,2023/12/3,11316
SC31,2023/12/4,11534
SC31,2023/12/5,11379
SC31,2023/12/6,11359
SC31,2023/12/7,11118
SC31,2023/12/8,11113
SC31,2023/12/9,11062
SC31,2023/12/10,11092
SC31,2023/12/11,14535
SC31,2023/12/12,11061
SC31,2023/12/13,11316
SC31,2023/12/14,11534
SC31,2023/12/15,11379
SC31,2023/12/16,11359
SC31,2023/12/17,11118
SC31,2023/12/18,11113
SC31,2023/12/19,11062
SC31,2023/12/20,11092
SC31,2023/12/21,14535
SC31,2023/12/22,14535
SC31,2023/12/23,11316
SC31,2023/12/24,11534
SC31,2023/12/25,11379
SC31,2023/12/26,11359
SC31,2023/12/27,11118
SC31,2023/12/28,11113
SC31,2023/12/29,11062
SC31,2023/12/30,11092
SC32,2023/12/1,9042
SC32,2023/12/2,2059
SC32,2023/12/3,2116
SC32,2023/12/4,2111
SC32,2023/12/5,2114
SC32,2023/12/6,2112
SC32,2023/12/7,2097
SC32,2023/12/8,2118
SC32,2023/12/9,2126
SC32,2023/12/10,2152
SC32,2023/12/11,9042
SC32,2023/12/12,2059
SC32,2023/12/13,2116
SC32,2023/12/14,2111
SC32,2023/12/15,2114
SC32,2023/12/16,2112
SC32,2023/12/17,2097
SC32,2023/12/18,2118
SC32,2023/12/19,2126
SC32,2023/12/20,2152
SC32,2023/12/21,9042
SC32,2023/12/22,9042
SC32,2023/12/23,2116
SC32,2023/12/24,2111
SC32,2023/12/25,2114
SC32,2023/12/26,2112
SC32,2023/12/27,2097
SC32,2023/12/28,2118
SC32,2023/12/29,2126
SC32,2023/12/30,2152
SC34,2023/12/1,16238
SC34,2023/12/2,8382
SC34,2023/12/3,8417
SC34,2023/12/4,8367
SC34,2023/12/5,8557
SC34,2023/12/6,8577
SC34,2023/12/7,8560
SC34,2023/12/8,8550
SC34,2023/12/9,8601
SC34,2023/12/10,8751
SC34,2023/12/11,16238
SC34,2023/12/12,8382
SC34,2023/12/13,8417
SC34,2023/12/14,8367
SC34,2023/12/15,8557
SC34,2023/12/16,8577
SC34,2023/12/17,8560
SC34,2023/12/18,8550
SC34,2023/12/19,8601
SC34,2023/12/20,8751
SC34,2023/12/21,16238
SC34,2023/12/22,16238
SC34,2023/12/23,8417
SC34,2023/12/24,8367
SC34,2023/12/25,8557
SC34,2023/12/26,8577
SC34,2023/12/27,8560
SC34,2023/12/28,8550
SC34,2023/12/29,8601
SC34,2023/12/30,8751
SC35,2023/12/1,39257
SC35,2023/12/2,30793
SC35,2023/12/3,30093
SC35,2023/12/4,29561
SC35,2023/12/5,29835
SC35,2023/12/6,29540
SC35,2023/12/7,29299
SC35,2023/12/8,29514
SC35,2023/12/9,28786
SC35,2023/12/10,29660
SC35,2023/12/11,39257
SC35,2023/12/12,30793
SC35,2023/12/13,30093
SC35,2023/12/14,29561
SC35,2023/12/15,29835
SC35,2023/12/16,29540
SC35,2023/12/17,29299
SC35,2023/12/18,29514
SC35,2023/12/19,28786
SC35,2023/12/20,29660
SC35,2023/12/21,39257
SC35,2023/12/22,39257
SC35,2023/12/23,30093
SC35,2023/12/24,29561
SC35,2023/12/25,29835
SC35,2023/12/26,29540
SC35,2023/12/27,29299
SC35,2023/12/28,29514
SC35,2023/12/29,28786
SC35,2023/12/30,29660
SC36,2023/12/1,2245
SC36,2023/12/2,615
SC36,2023/12/3,629
SC36,2023/12/4,635
SC36,2023/12/5,587
SC36,2023/12/6,532
SC36,2023/12/7,548
SC36,2023/12/8,578
SC36,2023/12/9,612
SC36,2023/12/10,673
SC36,2023/12/11,2245
SC36,2023/12/12,615
SC36,2023/12/13,629
SC36,2023/12/14,635
SC36,2023/12/15,587
SC36,2023/12/16,532
SC36,2023/12/17,548
SC36,2023/12/18,578
SC36,2023/12/19,612
SC36,2023/12/20,673
SC36,2023/12/21,1597
SC36,2023/12/22,2245
SC36,2023/12/23,629
SC36,2023/12/24,635
SC36,2023/12/25,587
SC36,2023/12/26,532
SC36,2023/12/27,548
SC36,2023/12/28,578
SC36,2023/12/29,612
SC36,2023/12/30,673
SC37,2023/12/1,3472
SC37,2023/12/2,717
SC37,2023/12/3,628
SC37,2023/12/4,784
SC37,2023/12/5,990
SC37,2023/12/6,931
SC37,2023/12/7,810
SC37,2023/12/8,759
SC37,2023/12/9,862
SC37,2023/12/10,860
SC37,2023/12/11,3472
SC37,2023/12/12,717
SC37,2023/12/13,628
SC37,2023/12/14,784
SC37,2023/12/15,990
SC37,2023/12/16,931
SC37,2023/12/17,810
SC37,2023/12/18,759
SC37,2023/12/19,862
SC37,2023/12/20,860
SC37,2023/12/21,4079
SC37,2023/12/22,3472
SC37,2023/12/23,628
SC37,2023/12/24,784
SC37,2023/12/25,990
SC37,2023/12/26,931
SC37,2023/12/27,810
SC37,2023/12/28,759
SC37,2023/12/29,862
SC37,2023/12/30,860
SC38,2023/12/1,5326
SC38,2023/12/2,3683
SC38,2023/12/3,3671
SC38,2023/12/4,3668
SC38,2023/12/5,3670
SC38,2023/12/6,3679
SC38,2023/12/7,3642
SC38,2023/12/8,3667
SC38,2023/12/9,3730
SC38,2023/12/10,3778
SC38,2023/12/11,5326
SC38,2023/12/12,3683
SC38,2023/12/13,3671
SC38,2023/12/14,3668
SC38,2023/12/15,3670
SC38,2023/12/16,3679
SC38,2023/12/17,3642
SC38,2023/12/18,3667
SC38,2023/12/19,3730
SC38,2023/12/20,3778
SC38,2023/12/21,4588
SC38,2023/12/22,5326
SC38,2023/12/23,3671
SC38,2023/12/24,3668
SC38,2023/12/25,3670
SC38,2023/12/26,3679
SC38,2023/12/27,3642
SC38,2023/12/28,3667
SC38,2023/12/29,3730
SC38,2023/12/30,3778
SC39,2023/12/1,3033
SC39,2023/12/2,2160
SC39,2023/12/3,2206
SC39,2023/12/4,2190
SC39,2023/12/5,2191
SC39,2023/12/6,2168
SC39,2023/12/7,2120
SC39,2023/12/8,2128
SC39,2023/12/9,2189
SC39,2023/12/10,2235
SC39,2023/12/11,3033
SC39,2023/12/12,2160
SC39,2023/12/13,2206
SC39,2023/12/14,2190
SC39,2023/12/15,2191
SC39,2023/12/16,2168
SC39,2023/12/17,2120
SC39,2023/12/18,2128
SC39,2023/12/19,2189
SC39,2023/12/20,2235
SC39,2023/12/21,3033
SC39,2023/12/22,3033
SC39,2023/12/23,2206
SC39,2023/12/24,2190
SC39,2023/12/25,2191
SC39,2023/12/26,2168
SC39,2023/12/27,2120
SC39,2023/12/28,2128
SC39,2023/12/29,2189
SC39,2023/12/30,2235
SC4,2023/12/1,30904
SC4,2023/12/2,24323
SC4,2023/12/3,23237
SC4,2023/12/4,22171
SC4,2023/12/5,22169
SC4,2023/12/6,21318
SC4,2023/12/7,20810
SC4,2023/12/8,21554
SC4,2023/12/9,21561
SC4,2023/12/10,21089
SC4,2023/12/11,30904
SC4,2023/12/12,24323
SC4,2023/12/13,23237
SC4,2023/12/14,22171
SC4,2023/12/15,22169
SC4,2023/12/16,21318
SC4,2023/12/17,20810
SC4,2023/12/18,21554
SC4,2023/12/19,21561
SC4,2023/12/20,21089
SC4,2023/12/21,30904
SC4,2023/12/22,30904
SC4,2023/12/23,23237
SC4,2023/12/24,22171
SC4,2023/12/25,22169
SC4,2023/12/26,21318
SC4,2023/12/27,20810
SC4,2023/12/28,21554
SC4,2023/12/29,21561
SC4,2023/12/30,21089
SC40,2023/12/1,4838
SC40,2023/12/2,2856
SC40,2023/12/3,2844
SC40,2023/12/4,2863
SC40,2023/12/5,2860
SC40,2023/12/6,2860
SC40,2023/12/7,2886
SC40,2023/12/8,2919
SC40,2023/12/9,2930
SC40,2023/12/10,2921
SC40,2023/12/11,4838
SC40,2023/12/12,2856
SC40,2023/12/13,2844
SC40,2023/12/14,2863
SC40,2023/12/15,2860
SC40,2023/12/16,2860
SC40,2023/12/17,2886
SC40,2023/12/18,2919
SC40,2023/12/19,2930
SC40,2023/12/20,2921
SC40,2023/12/21,4838
SC40,2023/12/22,4838
SC40,2023/12/23,2844
SC40,2023/12/24,2863
SC40,2023/12/25,2860
SC40,2023/12/26,2860
SC40,2023/12/27,2886
SC40,2023/12/28,2919
SC40,2023/12/29,2930
SC40,2023/12/30,2921
SC41,2023/12/1,4805
SC41,2023/12/2,1577
SC41,2023/12/3,1616
SC41,2023/12/4,1619
SC41,2023/12/5,1588
SC41,2023/12/6,1630
SC41,2023/12/7,1596
SC41,2023/12/8,1620
SC41,2023/12/9,1622
SC41,2023/12/10,1662
SC41,2023/12/11,4805
SC41,2023/12/12,1577
SC41,2023/12/13,1616
SC41,2023/12/14,1619
SC41,2023/12/15,1588
SC41,2023/12/16,1630
SC41,2023/12/17,1596
SC41,2023/12/18,1620
SC41,2023/12/19,1622
SC41,2023/12/20,1662
SC41,2023/12/21,4805
SC41,2023/12/22,4805
SC41,2023/12/23,1616
SC41,2023/12/24,1619
SC41,2023/12/25,1588
SC41,2023/12/26,1630
SC41,2023/12/27,1596
SC41,2023/12/28,1620
SC41,2023/12/29,1622
SC41,2023/12/30,1662
SC43,2023/12/1,4805
SC43,2023/12/2,3189
SC43,2023/12/3,3263
SC43,2023/12/4,3144
SC43,2023/12/5,3235
SC43,2023/12/6,3149
SC43,2023/12/7,3143
SC43,2023/12/8,3185
SC43,2023/12/9,3205
SC43,2023/12/10,3123
SC43,2023/12/11,4805
SC43,2023/12/12,3189
SC43,2023/12/13,3263
SC43,2023/12/14,3144
SC43,2023/12/15,3235
SC43,2023/12/16,3149
SC43,2023/12/17,3143
SC43,2023/12/18,3185
SC43,2023/12/19,3205
SC43,2023/12/20,3123
SC43,2023/12/21,4769
SC43,2023/12/22,4805
SC43,2023/12/23,3263
SC43,2023/12/24,3144
SC43,2023/12/25,3235
SC43,2023/12/26,3149
SC43,2023/12/27,3143
SC43,2023/12/28,3185
SC43,2023/12/29,3205
SC43,2023/12/30,3123
SC44,2023/12/1,26281
SC44,2023/12/2,17218
SC44,2023/12/3,16528
SC44,2023/12/4,16793
SC44,2023/12/5,16845
SC44,2023/12/6,16249
SC44,2023/12/7,15972
SC44,2023/12/8,15828
SC44,2023/12/9,15711
SC44,2023/12/10,16405
SC44,2023/12/11,26281
SC44,2023/12/12,17218
SC44,2023/12/13,16528
SC44,2023/12/14,16793
SC44,2023/12/15,16845
SC44,2023/12/16,16249
SC44,2023/12/17,15972
SC44,2023/12/18,15828
SC44,2023/12/19,15711
SC44,2023/12/20,16405
SC44,2023/12/21,23795
SC44,2023/12/22,26281
SC44,2023/12/23,16528
SC44,2023/12/24,16793
SC44,2023/12/25,16845
SC44,2023/12/26,16249
SC44,2023/12/27,15972
SC44,2023/12/28,15828
SC44,2023/12/29,15711
SC44,2023/12/30,16405
SC46,2023/12/1,7735
SC46,2023/12/2,2400
SC46,2023/12/3,2469
SC46,2023/12/4,2423
SC46,2023/12/5,2476
SC46,2023/12/6,2428
SC46,2023/12/7,2421
SC46,2023/12/8,2438
SC46,2023/12/9,2475
SC46,2023/12/10,2563
SC46,2023/12/11,7735
SC46,2023/12/12,2400
SC46,2023/12/13,2469
SC46,2023/12/14,2423
SC46,2023/12/15,2476
SC46,2023/12/16,2428
SC46,2023/12/17,2421
SC46,2023/12/18,2438
SC46,2023/12/19,2475
SC46,2023/12/20,2563
SC46,2023/12/21,7735
SC46,2023/12/22,7735
SC46,2023/12/23,2469
SC46,2023/12/24,2423
SC46,2023/12/25,2476
SC46,2023/12/26,2428
SC46,2023/12/27,2421
SC46,2023/12/28,2438
SC46,2023/12/29,2475
SC46,2023/12/30,2563
SC47,2023/12/1,67240
SC47,2023/12/2,44947
SC47,2023/12/3,45777
SC47,2023/12/4,45117
SC47,2023/12/5,44633
SC47,2023/12/6,43798
SC47,2023/12/7,43420
SC47,2023/12/8,42704
SC47,2023/12/9,42982
SC47,2023/12/10,43528
SC47,2023/12/11,67240
SC47,2023/12/12,44947
SC47,2023/12/13,45777
SC47,2023/12/14,45117
SC47,2023/12/15,44633
SC47,2023/12/16,43798
SC47,2023/12/17,43420
SC47,2023/12/18,42704
SC47,2023/12/19,42982
SC47,2023/12/20,43528
SC47,2023/12/21,67240
SC47,2023/12/22,67240
SC47,2023/12/23,45777
SC47,2023/12/24,45117
SC47,2023/12/25,44633
SC47,2023/12/26,43798
SC47,2023/12/27,43420
SC47,2023/12/28,42704
SC47,2023/12/29,42982
SC47,2023/12/30,43528
SC48,2023/12/1,985
SC48,2023/12/2,680
SC48,2023/12/3,684
SC48,2023/12/4,702
SC48,2023/12/5,694
SC48,2023/12/6,695
SC48,2023/12/7,689
SC48,2023/12/8,670
SC48,2023/12/9,657
SC48,2023/12/10,657
SC48,2023/12/11,985
SC48,2023/12/12,680
SC48,2023/12/13,684
SC48,2023/12/14,702
SC48,2023/12/15,694
SC48,2023/12/16,695
SC48,2023/12/17,689
SC48,2023/12/18,670
SC48,2023/12/19,657
SC48,2023/12/20,657
SC48,2023/12/21,985
SC48,2023/12/22,985
SC48,2023/12/23,684
SC48,2023/12/24,702
SC48,2023/12/25,694
SC48,2023/12/26,695
SC48,2023/12/27,689
SC48,2023/12/28,670
SC48,2023/12/29,657
SC48,2023/12/30,657
SC49,2023/12/1,11067
SC49,2023/12/2,6760
SC49,2023/12/3,6486
SC49,2023/12/4,6542
SC49,2023/12/5,6718
SC49,2023/12/6,6574
SC49,2023/12/7,6453
SC49,2023/12/8,6392
SC49,2023/12/9,6480
SC49,2023/12/10,6377
SC49,2023/12/11,11067
SC49,2023/12/12,6760
SC49,2023/12/13,6486
SC49,2023/12/14,6542
SC49,2023/12/15,6718
SC49,2023/12/16,6574
SC49,2023/12/17,6453
SC49,2023/12/18,6392
SC49,2023/12/19,6480
SC49,2023/12/20,6377
SC49,2023/12/21,11067
SC49,2023/12/22,11067
SC49,2023/12/23,6486
SC49,2023/12/24,6542
SC49,2023/12/25,6718
SC49,2023/12/26,6574
SC49,2023/12/27,6453
SC49,2023/12/28,6392
SC49,2023/12/29,6480
SC49,2023/12/30,6377
SC5,2023/12/1,33281
SC5,2023/12/2,22673
SC5,2023/12/3,23231
SC5,2023/12/4,22937
SC5,2023/12/5,22664
SC5,2023/12/6,22492
SC5,2023/12/7,21940
SC5,2023/12/8,21835
SC5,2023/12/9,21676
SC5,2023/12/10,21370
SC5,2023/12/11,33281
SC5,2023/12/12,22673
SC5,2023/12/13,23231
SC5,2023/12/14,22937
SC5,2023/12/15,22664
SC5,2023/12/16,22492
SC5,2023/12/17,21940
SC5,2023/12/18,21835
SC5,2023/12/19,21676
SC5,2023/12/20,21370
SC5,2023/12/21,33281
SC5,2023/12/22,33281
SC5,2023/12/23,23231
SC5,2023/12/24,22937
SC5,2023/12/25,22664
SC5,2023/12/26,22492
SC5,2023/12/27,21940
SC5,2023/12/28,21835
SC5,2023/12/29,21676
SC5,2023/12/30,21370
SC51,2023/12/1,17474
SC51,2023/12/2,11348
SC51,2023/12/3,11489
SC51,2023/12/4,10870
SC51,2023/12/5,10945
SC51,2023/12/6,10958
SC51,2023/12/7,10767
SC51,2023/12/8,10761
SC51,2023/12/9,10910
SC51,2023/12/10,11159
SC51,2023/12/11,17474
SC51,2023/12/12,11348
SC51,2023/12/13,11489
SC51,2023/12/14,10870
SC51,2023/12/15,10945
SC51,2023/12/16,10958
SC51,2023/12/17,10767
SC51,2023/12/18,10761
SC51,2023/12/19,10910
SC51,2023/12/20,11159
SC51,2023/12/21,17474
SC51,2023/12/22,17474
SC51,2023/12/23,11489
SC51,2023/12/24,10870
SC51,2023/12/25,10945
SC51,2023/12/26,10958
SC51,2023/12/27,10767
SC51,2023/12/28,10761
SC51,2023/12/29,10910
SC51,2023/12/30,11159
SC52,2023/12/1,8593
SC52,2023/12/2,3366
SC52,2023/12/3,3554
SC52,2023/12/4,3512
SC52,2023/12/5,3530
SC52,2023/12/6,3293
SC52,2023/12/7,3025
SC52,2023/12/8,3018
SC52,2023/12/9,3208
SC52,2023/12/10,3318
SC52,2023/12/11,8593
SC52,2023/12/12,3366
SC52,2023/12/13,3554
SC52,2023/12/14,3512
SC52,2023/12/15,3530
SC52,2023/12/16,3293
SC52,2023/12/17,3025
SC52,2023/12/18,3018
SC52,2023/12/19,3208
SC52,2023/12/20,3318
SC52,2023/12/21,8593
SC52,2023/12/22,8593
SC52,2023/12/23,3554
SC52,2023/12/24,3512
SC52,2023/12/25,3530
SC52,2023/12/26,3293
SC52,2023/12/27,3025
SC52,2023/12/28,3018
SC52,2023/12/29,3208
SC52,2023/12/30,3318
SC53,2023/12/1,52602
SC53,2023/12/2,34246
SC53,2023/12/3,33184
SC53,2023/12/4,32043
SC53,2023/12/5,31937
SC53,2023/12/6,32374
SC53,2023/12/7,32214
SC53,2023/12/8,32213
SC53,2023/12/9,32604
SC53,2023/12/10,32267
SC53,2023/12/11,52602
SC53,2023/12/12,34246
SC53,2023/12/13,33184
SC53,2023/12/14,32043
SC53,2023/12/15,31937
SC53,2023/12/16,32374
SC53,2023/12/17,32214
SC53,2023/12/18,32213
SC53,2023/12/19,32604
SC53,2023/12/20,32267
SC53,2023/12/21,52602
SC53,2023/12/22,52602
SC53,2023/12/23,33184
SC53,2023/12/24,32043
SC53,2023/12/25,31937
SC53,2023/12/26,32374
SC53,2023/12/27,32214
SC53,2023/12/28,32213
SC53,2023/12/29,32604
SC53,2023/12/30,32267
SC54,2023/12/1,20642
SC54,2023/12/2,9193
SC54,2023/12/3,8875
SC54,2023/12/4,8482
SC54,2023/12/5,8702
SC54,2023/12/6,8603
SC54,2023/12/7,8314
SC54,2023/12/8,8554
SC54,2023/12/9,8569
SC54,2023/12/10,8449
SC54,2023/12/11,20642
SC54,2023/12/12,9193
SC54,2023/12/13,8875
SC54,2023/12/14,8482
SC54,2023/12/15,8702
SC54,2023/12/16,8603
SC54,2023/12/17,8314
SC54,2023/12/18,8554
SC54,2023/12/19,8569
SC54,2023/12/20,8449
SC54,2023/12/21,20642
SC54,2023/12/22,20642
SC54,2023/12/23,8875
SC54,2023/12/24,8482
SC54,2023/12/25,8702
SC54,2023/12/26,8603
SC54,2023/12/27,8314
SC54,2023/12/28,8554
SC54,2023/12/29,8569
SC54,2023/12/30,8449
SC55,2023/12/1,5134
SC55,2023/12/2,3592
SC55,2023/12/3,3525
SC55,2023/12/4,3448
SC55,2023/12/5,3399
SC55,2023/12/6,3340
SC55,2023/12/7,3268
SC55,2023/12/8,3225
SC55,2023/12/9,3247
SC55,2023/12/10,3237
SC55,2023/12/11,5134
SC55,2023/12/12,3592
SC55,2023/12/13,3525
SC55,2023/12/14,3448
SC55,2023/12/15,3399
SC55,2023/12/16,3340
SC55,2023/12/17,3268
SC55,2023/12/18,3225
SC55,2023/12/19,3247
SC55,2023/12/20,3237
SC55,2023/12/21,5134
SC55,2023/12/22,5134
SC55,2023/12/23,3525
SC55,2023/12/24,3448
SC55,2023/12/25,3399
SC55,2023/12/26,3340
SC55,2023/12/27,3268
SC55,2023/12/28,3225
SC55,2023/12/29,3247
SC55,2023/12/30,3237
SC56,2023/12/1,8202
SC56,2023/12/2,1529
SC56,2023/12/3,1515
SC56,2023/12/4,1543
SC56,2023/12/5,1546
SC56,2023/12/6,1562
SC56,2023/12/7,1517
SC56,2023/12/8,1552
SC56,2023/12/9,1570
SC56,2023/12/10,1566
SC56,2023/12/11,8202
SC56,2023/12/12,1529
SC56,2023/12/13,1515
SC56,2023/12/14,1543
SC56,2023/12/15,1546
SC56,2023/12/16,1562
SC56,2023/12/17,1517
SC56,2023/12/18,1552
SC56,2023/12/19,1570
SC56,2023/12/20,1566
SC56,2023/12/21,8202
SC56,2023/12/22,8202
SC56,2023/12/23,1515
SC56,2023/12/24,1543
SC56,2023/12/25,1546
SC56,2023/12/26,1562
SC56,2023/12/27,1517
SC56,2023/12/28,1552
SC56,2023/12/29,1570
SC56,2023/12/30,1566
SC57,2023/12/1,19604
SC57,2023/12/2,9208
SC57,2023/12/3,9141
SC57,2023/12/4,9229
SC57,2023/12/5,9104
SC57,2023/12/6,9167
SC57,2023/12/7,9118
SC57,2023/12/8,9072
SC57,2023/12/9,9167
SC57,2023/12/10,9259
SC57,2023/12/11,19604
SC57,2023/12/12,9208
SC57,2023/12/13,9141
SC57,2023/12/14,9229
SC57,2023/12/15,9104
SC57,2023/12/16,9167
SC57,2023/12/17,9118
SC57,2023/12/18,9072
SC57,2023/12/19,9167
SC57,2023/12/20,9259
SC57,2023/12/21,19604
SC57,2023/12/22,19604
SC57,2023/12/23,9141
SC57,2023/12/24,9229
SC57,2023/12/25,9104
SC57,2023/12/26,9167
SC57,2023/12/27,9118
SC57,2023/12/28,9072
SC57,2023/12/29,9167
SC57,2023/12/30,9259
SC58,2023/12/1,1916
SC58,2023/12/2,784
SC58,2023/12/3,754
SC58,2023/12/4,768
SC58,2023/12/5,815
SC58,2023/12/6,829
SC58,2023/12/7,832
SC58,2023/12/8,841
SC58,2023/12/9,802
SC58,2023/12/10,783
SC58,2023/12/11,1916
SC58,2023/12/12,784
SC58,2023/12/13,754
SC58,2023/12/14,768
SC58,2023/12/15,815
SC58,2023/12/16,829
SC58,2023/12/17,832
SC58,2023/12/18,841
SC58,2023/12/19,802
SC58,2023/12/20,783
SC58,2023/12/21,1916
SC58,2023/12/22,1916
SC58,2023/12/23,754
SC58,2023/12/24,768
SC58,2023/12/25,815
SC58,2023/12/26,829
SC58,2023/12/27,832
SC58,2023/12/28,841
SC58,2023/12/29,802
SC58,2023/12/30,783
SC6,2023/12/1,31554
SC6,2023/12/2,28221
SC6,2023/12/3,28062
SC6,2023/12/4,27695
SC6,2023/12/5,28065
SC6,2023/12/6,28160
SC6,2023/12/7,27549
SC6,2023/12/8,27279
SC6,2023/12/9,27812
SC6,2023/12/10,28292
SC6,2023/12/11,31554
SC6,2023/12/12,28221
SC6,2023/12/13,28062
SC6,2023/12/14,27695
SC6,2023/12/15,28065
SC6,2023/12/16,28160
SC6,2023/12/17,27549
SC6,2023/12/18,27279
SC6,2023/12/19,27812
SC6,2023/12/20,28292
SC6,2023/12/21,31554
SC6,2023/12/22,31554
SC6,2023/12/23,28062
SC6,2023/12/24,27695
SC6,2023/12/25,28065
SC6,2023/12/26,28160
SC6,2023/12/27,27549
SC6,2023/12/28,27279
SC6,2023/12/29,27812
SC6,2023/12/30,28292
SC60,2023/12/1,99269
SC60,2023/12/2,62130
SC60,2023/12/3,65295
SC60,2023/12/4,68881
SC60,2023/12/5,68171
SC60,2023/12/6,66394
SC60,2023/12/7,64610
SC60,2023/12/8,63593
SC60,2023/12/9,62560
SC60,2023/12/10,62553
SC60,2023/12/11,99269
SC60,2023/12/12,62130
SC60,2023/12/13,65295
SC60,2023/12/14,68881
SC60,2023/12/15,68171
SC60,2023/12/16,66394
SC60,2023/12/17,64610
SC60,2023/12/18,63593
SC60,2023/12/19,62560
SC60,2023/12/20,62553
SC60,2023/12/21,99269
SC60,2023/12/22,99269
SC60,2023/12/23,65295
SC60,2023/12/24,68881
SC60,2023/12/25,68171
SC60,2023/12/26,66394
SC60,2023/12/27,64610
SC60,2023/12/28,63593
SC60,2023/12/29,62560
SC60,2023/12/30,62553
SC61,2023/12/1,1346
SC61,2023/12/2,750
SC61,2023/12/3,752
SC61,2023/12/4,757
SC61,2023/12/5,701
SC61,2023/12/6,684
SC61,2023/12/7,687
SC61,2023/12/8,691
SC61,2023/12/9,737
SC61,2023/12/10,717
SC61,2023/12/11,1346
SC61,2023/12/12,750
SC61,2023/12/13,752
SC61,2023/12/14,757
SC61,2023/12/15,701
SC61,2023/12/16,684
SC61,2023/12/17,687
SC61,2023/12/18,691
SC61,2023/12/19,737
SC61,2023/12/20,717
SC61,2023/12/21,1346
SC61,2023/12/22,1346
SC61,2023/12/23,752
SC61,2023/12/24,757
SC61,2023/12/25,701
SC61,2023/12/26,684
SC61,2023/12/27,687
SC61,2023/12/28,691
SC61,2023/12/29,737
SC61,2023/12/30,717
SC63,2023/12/1,3813
SC63,2023/12/2,1958
SC63,2023/12/3,1937
SC63,2023/12/4,2014
SC63,2023/12/5,2090
SC63,2023/12/6,1951
SC63,2023/12/7,1902
SC63,2023/12/8,1959
SC63,2023/12/9,2048
SC63,2023/12/10,2212
SC63,2023/12/11,3813
SC63,2023/12/12,1958
SC63,2023/12/13,1937
SC63,2023/12/14,2014
SC63,2023/12/15,2090
SC63,2023/12/16,1951
SC63,2023/12/17,1902
SC63,2023/12/18,1959
SC63,2023/12/19,2048
SC63,2023/12/20,2212
SC63,2023/12/21,3813
SC63,2023/12/22,3813
SC63,2023/12/23,1937
SC63,2023/12/24,2014
SC63,2023/12/25,2090
SC63,2023/12/26,1951
SC63,2023/12/27,1902
SC63,2023/12/28,1959
SC63,2023/12/29,2048
SC63,2023/12/30,2212
SC66,2023/12/1,1993
SC66,2023/12/2,722
SC66,2023/12/3,735
SC66,2023/12/4,745
SC66,2023/12/5,743
SC66,2023/12/6,747
SC66,2023/12/7,747
SC66,2023/12/8,746
SC66,2023/12/9,746
SC66,2023/12/10,751
SC66,2023/12/11,1993
SC66,2023/12/12,722
SC66,2023/12/13,735
SC66,2023/12/14,745
SC66,2023/12/15,743
SC66,2023/12/16,747
SC66,2023/12/17,747
SC66,2023/12/18,746
SC66,2023/12/19,746
SC66,2023/12/20,751
SC66,2023/12/21,1993
SC66,2023/12/22,1993
SC66,2023/12/23,735
SC66,2023/12/24,745
SC66,2023/12/25,743
SC66,2023/12/26,747
SC66,2023/12/27,747
SC66,2023/12/28,746
SC66,2023/12/29,746
SC66,2023/12/30,751
SC68,2023/12/1,1588
SC68,2023/12/2,1307
SC68,2023/12/3,1330
SC68,2023/12/4,1346
SC68,2023/12/5,1368
SC68,2023/12/6,1359
SC68,2023/12/7,1328
SC68,2023/12/8,1341
SC68,2023/12/9,1366
SC68,2023/12/10,1337
SC68,2023/12/11,1588
SC68,2023/12/12,1307
SC68,2023/12/13,1330
SC68,2023/12/14,1346
SC68,2023/12/15,1368
SC68,2023/12/16,1359
SC68,2023/12/17,1328
SC68,2023/12/18,1341
SC68,2023/12/19,1366
SC68,2023/12/20,1337
SC68,2023/12/21,1588
SC68,2023/12/22,1588
SC68,2023/12/23,1330
SC68,2023/12/24,1346
SC68,2023/12/25,1368
SC68,2023/12/26,1359
SC68,2023/12/27,1328
SC68,2023/12/28,1341
SC68,2023/12/29,1366
SC68,2023/12/30,1337
SC7,2023/12/1,32480
SC7,2023/12/2,37028
SC7,2023/12/3,35906
SC7,2023/12/4,34099
SC7,2023/12/5,34394
SC7,2023/12/6,34690
SC7,2023/12/7,34188
SC7,2023/12/8,33708
SC7,2023/12/9,34022
SC7,2023/12/10,35522
SC7,2023/12/11,32480
SC7,2023/12/12,37028
SC7,2023/12/13,35906
SC7,2023/12/14,34099
SC7,2023/12/15,34394
SC7,2023/12/16,34690
SC7,2023/12/17,34188
SC7,2023/12/18,33708
SC7,2023/12/19,34022
SC7,2023/12/20,35522
SC7,2023/12/21,32480
SC7,2023/12/22,32480
SC7,2023/12/23,35906
SC7,2023/12/24,34099
SC7,2023/12/25,34394
SC7,2023/12/26,34690
SC7,2023/12/27,34188
SC7,2023/12/28,33708
SC7,2023/12/29,34022
SC7,2023/12/30,35522
SC8,2023/12/1,43210
SC8,2023/12/2,40467
SC8,2023/12/3,38265
SC8,2023/12/4,38583
SC8,2023/12/5,39309
SC8,2023/12/6,37350
SC8,2023/12/7,36373
SC8,2023/12/8,37475
SC8,2023/12/9,38313
SC8,2023/12/10,37963
SC8,2023/12/11,43210
SC8,2023/12/12,40467
SC8,2023/12/13,38265
SC8,2023/12/14,38583
SC8,2023/12/15,39309
SC8,2023/12/16,37350
SC8,2023/12/17,36373
SC8,2023/12/18,37475
SC8,2023/12/19,38313
SC8,2023/12/20,37963
SC8,2023/12/21,43210
SC8,2023/12/22,43210
SC8,2023/12/23,38265
SC8,2023/12/24,38583
SC8,2023/12/25,39309
SC8,2023/12/26,37350
SC8,2023/12/27,36373
SC8,2023/12/28,37475
SC8,2023/12/29,38313
SC8,2023/12/30,37963
SC9,2023/12/1,40611
SC9,2023/12/2,27309
SC9,2023/12/3,27057
SC9,2023/12/4,26717
SC9,2023/12/5,26867
SC9,2023/12/6,26559
SC9,2023/12/7,26620
SC9,2023/12/8,26461
SC9,2023/12/9,26416
SC9,2023/12/10,26487
SC9,2023/12/11,40611
SC9,2023/12/12,27309
SC9,2023/12/13,27057
SC9,2023/12/14,26717
SC9,2023/12/15,26867
SC9,2023/12/16,26559
SC9,2023/12/17,26620
SC9,2023/12/18,26461
SC9,2023/12/19,26416
SC9,2023/12/20,26487
SC9,2023/12/21,40611
SC9,2023/12/22,40611
SC9,2023/12/23,27057
SC9,2023/12/24,26717
SC9,2023/12/25,26867
SC9,2023/12/26,26559
SC9,2023/12/27,26620
SC9,2023/12/28,26461
SC9,2023/12/29,26416
SC9,2023/12/30,26487
